[
{
    "model": "auth.permission",
    "pk": 1,
    "fields": {
        "name": "Can add log entry",
        "content_type": 1,
        "codename": "add_logentry"
    }
},
{
    "model": "auth.permission",
    "pk": 2,
    "fields": {
        "name": "Can change log entry",
        "content_type": 1,
        "codename": "change_logentry"
    }
},
{
    "model": "auth.permission",
    "pk": 3,
    "fields": {
        "name": "Can delete log entry",
        "content_type": 1,
        "codename": "delete_logentry"
    }
},
{
    "model": "auth.permission",
    "pk": 4,
    "fields": {
        "name": "Can view log entry",
        "content_type": 1,
        "codename": "view_logentry"
    }
},
{
    "model": "auth.permission",
    "pk": 5,
    "fields": {
        "name": "Can add permission",
        "content_type": 2,
        "codename": "add_permission"
    }
},
{
    "model": "auth.permission",
    "pk": 6,
    "fields": {
        "name": "Can change permission",
        "content_type": 2,
        "codename": "change_permission"
    }
},
{
    "model": "auth.permission",
    "pk": 7,
    "fields": {
        "name": "Can delete permission",
        "content_type": 2,
        "codename": "delete_permission"
    }
},
{
    "model": "auth.permission",
    "pk": 8,
    "fields": {
        "name": "Can view permission",
        "content_type": 2,
        "codename": "view_permission"
    }
},
{
    "model": "auth.permission",
    "pk": 9,
    "fields": {
        "name": "Can add group",
        "content_type": 3,
        "codename": "add_group"
    }
},
{
    "model": "auth.permission",
    "pk": 10,
    "fields": {
        "name": "Can change group",
        "content_type": 3,
        "codename": "change_group"
    }
},
{
    "model": "auth.permission",
    "pk": 11,
    "fields": {
        "name": "Can delete group",
        "content_type": 3,
        "codename": "delete_group"
    }
},
{
    "model": "auth.permission",
    "pk": 12,
    "fields": {
        "name": "Can view group",
        "content_type": 3,
        "codename": "view_group"
    }
},
{
    "model": "auth.permission",
    "pk": 13,
    "fields": {
        "name": "Can add user",
        "content_type": 4,
        "codename": "add_user"
    }
},
{
    "model": "auth.permission",
    "pk": 14,
    "fields": {
        "name": "Can change user",
        "content_type": 4,
        "codename": "change_user"
    }
},
{
    "model": "auth.permission",
    "pk": 15,
    "fields": {
        "name": "Can delete user",
        "content_type": 4,
        "codename": "delete_user"
    }
},
{
    "model": "auth.permission",
    "pk": 16,
    "fields": {
        "name": "Can view user",
        "content_type": 4,
        "codename": "view_user"
    }
},
{
    "model": "auth.permission",
    "pk": 17,
    "fields": {
        "name": "Can add content type",
        "content_type": 5,
        "codename": "add_contenttype"
    }
},
{
    "model": "auth.permission",
    "pk": 18,
    "fields": {
        "name": "Can change content type",
        "content_type": 5,
        "codename": "change_contenttype"
    }
},
{
    "model": "auth.permission",
    "pk": 19,
    "fields": {
        "name": "Can delete content type",
        "content_type": 5,
        "codename": "delete_contenttype"
    }
},
{
    "model": "auth.permission",
    "pk": 20,
    "fields": {
        "name": "Can view content type",
        "content_type": 5,
        "codename": "view_contenttype"
    }
},
{
    "model": "auth.permission",
    "pk": 21,
    "fields": {
        "name": "Can add session",
        "content_type": 6,
        "codename": "add_session"
    }
},
{
    "model": "auth.permission",
    "pk": 22,
    "fields": {
        "name": "Can change session",
        "content_type": 6,
        "codename": "change_session"
    }
},
{
    "model": "auth.permission",
    "pk": 23,
    "fields": {
        "name": "Can delete session",
        "content_type": 6,
        "codename": "delete_session"
    }
},
{
    "model": "auth.permission",
    "pk": 24,
    "fields": {
        "name": "Can view session",
        "content_type": 6,
        "codename": "view_session"
    }
},
{
    "model": "auth.permission",
    "pk": 25,
    "fields": {
        "name": "Can add site",
        "content_type": 7,
        "codename": "add_site"
    }
},
{
    "model": "auth.permission",
    "pk": 26,
    "fields": {
        "name": "Can change site",
        "content_type": 7,
        "codename": "change_site"
    }
},
{
    "model": "auth.permission",
    "pk": 27,
    "fields": {
        "name": "Can delete site",
        "content_type": 7,
        "codename": "delete_site"
    }
},
{
    "model": "auth.permission",
    "pk": 28,
    "fields": {
        "name": "Can view site",
        "content_type": 7,
        "codename": "view_site"
    }
},
{
    "model": "auth.permission",
    "pk": 29,
    "fields": {
        "name": "Can add email address",
        "content_type": 8,
        "codename": "add_emailaddress"
    }
},
{
    "model": "auth.permission",
    "pk": 30,
    "fields": {
        "name": "Can change email address",
        "content_type": 8,
        "codename": "change_emailaddress"
    }
},
{
    "model": "auth.permission",
    "pk": 31,
    "fields": {
        "name": "Can delete email address",
        "content_type": 8,
        "codename": "delete_emailaddress"
    }
},
{
    "model": "auth.permission",
    "pk": 32,
    "fields": {
        "name": "Can view email address",
        "content_type": 8,
        "codename": "view_emailaddress"
    }
},
{
    "model": "auth.permission",
    "pk": 33,
    "fields": {
        "name": "Can add email confirmation",
        "content_type": 9,
        "codename": "add_emailconfirmation"
    }
},
{
    "model": "auth.permission",
    "pk": 34,
    "fields": {
        "name": "Can change email confirmation",
        "content_type": 9,
        "codename": "change_emailconfirmation"
    }
},
{
    "model": "auth.permission",
    "pk": 35,
    "fields": {
        "name": "Can delete email confirmation",
        "content_type": 9,
        "codename": "delete_emailconfirmation"
    }
},
{
    "model": "auth.permission",
    "pk": 36,
    "fields": {
        "name": "Can view email confirmation",
        "content_type": 9,
        "codename": "view_emailconfirmation"
    }
},
{
    "model": "auth.permission",
    "pk": 37,
    "fields": {
        "name": "Can add social account",
        "content_type": 10,
        "codename": "add_socialaccount"
    }
},
{
    "model": "auth.permission",
    "pk": 38,
    "fields": {
        "name": "Can change social account",
        "content_type": 10,
        "codename": "change_socialaccount"
    }
},
{
    "model": "auth.permission",
    "pk": 39,
    "fields": {
        "name": "Can delete social account",
        "content_type": 10,
        "codename": "delete_socialaccount"
    }
},
{
    "model": "auth.permission",
    "pk": 40,
    "fields": {
        "name": "Can view social account",
        "content_type": 10,
        "codename": "view_socialaccount"
    }
},
{
    "model": "auth.permission",
    "pk": 41,
    "fields": {
        "name": "Can add social application",
        "content_type": 11,
        "codename": "add_socialapp"
    }
},
{
    "model": "auth.permission",
    "pk": 42,
    "fields": {
        "name": "Can change social application",
        "content_type": 11,
        "codename": "change_socialapp"
    }
},
{
    "model": "auth.permission",
    "pk": 43,
    "fields": {
        "name": "Can delete social application",
        "content_type": 11,
        "codename": "delete_socialapp"
    }
},
{
    "model": "auth.permission",
    "pk": 44,
    "fields": {
        "name": "Can view social application",
        "content_type": 11,
        "codename": "view_socialapp"
    }
},
{
    "model": "auth.permission",
    "pk": 45,
    "fields": {
        "name": "Can add social application token",
        "content_type": 12,
        "codename": "add_socialtoken"
    }
},
{
    "model": "auth.permission",
    "pk": 46,
    "fields": {
        "name": "Can change social application token",
        "content_type": 12,
        "codename": "change_socialtoken"
    }
},
{
    "model": "auth.permission",
    "pk": 47,
    "fields": {
        "name": "Can delete social application token",
        "content_type": 12,
        "codename": "delete_socialtoken"
    }
},
{
    "model": "auth.permission",
    "pk": 48,
    "fields": {
        "name": "Can view social application token",
        "content_type": 12,
        "codename": "view_socialtoken"
    }
},
{
    "model": "auth.permission",
    "pk": 49,
    "fields": {
        "name": "Can add rating",
        "content_type": 13,
        "codename": "add_rating"
    }
},
{
    "model": "auth.permission",
    "pk": 50,
    "fields": {
        "name": "Can change rating",
        "content_type": 13,
        "codename": "change_rating"
    }
},
{
    "model": "auth.permission",
    "pk": 51,
    "fields": {
        "name": "Can delete rating",
        "content_type": 13,
        "codename": "delete_rating"
    }
},
{
    "model": "auth.permission",
    "pk": 52,
    "fields": {
        "name": "Can view rating",
        "content_type": 13,
        "codename": "view_rating"
    }
},
{
    "model": "auth.permission",
    "pk": 53,
    "fields": {
        "name": "Can add user rating",
        "content_type": 14,
        "codename": "add_userrating"
    }
},
{
    "model": "auth.permission",
    "pk": 54,
    "fields": {
        "name": "Can change user rating",
        "content_type": 14,
        "codename": "change_userrating"
    }
},
{
    "model": "auth.permission",
    "pk": 55,
    "fields": {
        "name": "Can delete user rating",
        "content_type": 14,
        "codename": "delete_userrating"
    }
},
{
    "model": "auth.permission",
    "pk": 56,
    "fields": {
        "name": "Can view user rating",
        "content_type": 14,
        "codename": "view_userrating"
    }
},
{
    "model": "auth.permission",
    "pk": 57,
    "fields": {
        "name": "Can add Token",
        "content_type": 15,
        "codename": "add_token"
    }
},
{
    "model": "auth.permission",
    "pk": 58,
    "fields": {
        "name": "Can change Token",
        "content_type": 15,
        "codename": "change_token"
    }
},
{
    "model": "auth.permission",
    "pk": 59,
    "fields": {
        "name": "Can delete Token",
        "content_type": 15,
        "codename": "delete_token"
    }
},
{
    "model": "auth.permission",
    "pk": 60,
    "fields": {
        "name": "Can view Token",
        "content_type": 15,
        "codename": "view_token"
    }
},
{
    "model": "auth.permission",
    "pk": 61,
    "fields": {
        "name": "Can add author",
        "content_type": 16,
        "codename": "add_author"
    }
},
{
    "model": "auth.permission",
    "pk": 62,
    "fields": {
        "name": "Can change author",
        "content_type": 16,
        "codename": "change_author"
    }
},
{
    "model": "auth.permission",
    "pk": 63,
    "fields": {
        "name": "Can delete author",
        "content_type": 16,
        "codename": "delete_author"
    }
},
{
    "model": "auth.permission",
    "pk": 64,
    "fields": {
        "name": "Can view author",
        "content_type": 16,
        "codename": "view_author"
    }
},
{
    "model": "auth.permission",
    "pk": 65,
    "fields": {
        "name": "Can add book",
        "content_type": 17,
        "codename": "add_book"
    }
},
{
    "model": "auth.permission",
    "pk": 66,
    "fields": {
        "name": "Can change book",
        "content_type": 17,
        "codename": "change_book"
    }
},
{
    "model": "auth.permission",
    "pk": 67,
    "fields": {
        "name": "Can delete book",
        "content_type": 17,
        "codename": "delete_book"
    }
},
{
    "model": "auth.permission",
    "pk": 68,
    "fields": {
        "name": "Can view book",
        "content_type": 17,
        "codename": "view_book"
    }
},
{
    "model": "auth.permission",
    "pk": 69,
    "fields": {
        "name": "Can add genre",
        "content_type": 18,
        "codename": "add_genre"
    }
},
{
    "model": "auth.permission",
    "pk": 70,
    "fields": {
        "name": "Can change genre",
        "content_type": 18,
        "codename": "change_genre"
    }
},
{
    "model": "auth.permission",
    "pk": 71,
    "fields": {
        "name": "Can delete genre",
        "content_type": 18,
        "codename": "delete_genre"
    }
},
{
    "model": "auth.permission",
    "pk": 72,
    "fields": {
        "name": "Can view genre",
        "content_type": 18,
        "codename": "view_genre"
    }
},
{
    "model": "auth.permission",
    "pk": 73,
    "fields": {
        "name": "Can add publisher company",
        "content_type": 19,
        "codename": "add_publishercompany"
    }
},
{
    "model": "auth.permission",
    "pk": 74,
    "fields": {
        "name": "Can change publisher company",
        "content_type": 19,
        "codename": "change_publishercompany"
    }
},
{
    "model": "auth.permission",
    "pk": 75,
    "fields": {
        "name": "Can delete publisher company",
        "content_type": 19,
        "codename": "delete_publishercompany"
    }
},
{
    "model": "auth.permission",
    "pk": 76,
    "fields": {
        "name": "Can view publisher company",
        "content_type": 19,
        "codename": "view_publishercompany"
    }
},
{
    "model": "auth.permission",
    "pk": 77,
    "fields": {
        "name": "Can add book authors priority",
        "content_type": 20,
        "codename": "add_bookauthorspriority"
    }
},
{
    "model": "auth.permission",
    "pk": 78,
    "fields": {
        "name": "Can change book authors priority",
        "content_type": 20,
        "codename": "change_bookauthorspriority"
    }
},
{
    "model": "auth.permission",
    "pk": 79,
    "fields": {
        "name": "Can delete book authors priority",
        "content_type": 20,
        "codename": "delete_bookauthorspriority"
    }
},
{
    "model": "auth.permission",
    "pk": 80,
    "fields": {
        "name": "Can view book authors priority",
        "content_type": 20,
        "codename": "view_bookauthorspriority"
    }
},
{
    "model": "auth.permission",
    "pk": 81,
    "fields": {
        "name": "Can add profile",
        "content_type": 21,
        "codename": "add_profile"
    }
},
{
    "model": "auth.permission",
    "pk": 82,
    "fields": {
        "name": "Can change profile",
        "content_type": 21,
        "codename": "change_profile"
    }
},
{
    "model": "auth.permission",
    "pk": 83,
    "fields": {
        "name": "Can delete profile",
        "content_type": 21,
        "codename": "delete_profile"
    }
},
{
    "model": "auth.permission",
    "pk": 84,
    "fields": {
        "name": "Can view profile",
        "content_type": 21,
        "codename": "view_profile"
    }
},
{
    "model": "auth.permission",
    "pk": 85,
    "fields": {
        "name": "Can add comment",
        "content_type": 22,
        "codename": "add_comment"
    }
},
{
    "model": "auth.permission",
    "pk": 86,
    "fields": {
        "name": "Can change comment",
        "content_type": 22,
        "codename": "change_comment"
    }
},
{
    "model": "auth.permission",
    "pk": 87,
    "fields": {
        "name": "Can delete comment",
        "content_type": 22,
        "codename": "delete_comment"
    }
},
{
    "model": "auth.permission",
    "pk": 88,
    "fields": {
        "name": "Can view comment",
        "content_type": 22,
        "codename": "view_comment"
    }
},
{
    "model": "auth.user",
    "pk": 1,
    "fields": {
        "password": "pbkdf2_sha256$180000$4sWkJY2tkVq6$DKIyho8eUijsmL+e8MJsbN8MbCLEE8AeZ6+KJWbqqDk=",
        "last_login": "2020-03-25T09:55:13.206Z",
        "is_superuser": true,
        "username": "admin",
        "first_name": "",
        "last_name": "",
        "email": "admin@gmail.com",
        "is_staff": true,
        "is_active": true,
        "date_joined": "2020-03-25T09:55:01.868Z",
        "groups": [],
        "user_permissions": []
    }
},
{
    "model": "sites.site",
    "pk": 1,
    "fields": {
        "domain": "library-web-application.herokuapp.com",
        "name": "library-web-application"
    }
},
{
    "model": "sites.site",
    "pk": 2,
    "fields": {
        "domain": "127.0.0.1:8000",
        "name": "127.0.0.1:8000"
    }
},
{
    "model": "sites.site",
    "pk": 3,
    "fields": {
        "domain": "127.0.0.1:8080",
        "name": "127.0.0.1:8080"
    }
},
{
    "model": "socialaccount.socialapp",
    "pk": 1,
    "fields": {
        "provider": "google",
        "name": "Gmail",
        "client_id": "342799134092-jt9om54n91dummp1ekcv0f2bp2e47vea.apps.googleusercontent.com",
        "secret": "vZAIiDMcW2a6zuyBZBaJCQoF",
        "key": "",
        "sites": [
            2,
            3,
            1
        ]
    }
},
{
    "model": "socialaccount.socialapp",
    "pk": 2,
    "fields": {
        "provider": "linkedin_oauth2",
        "name": "LinkedIn",
        "client_id": "77wygtkp6ih5h1",
        "secret": "ix4zv9OXhtjidWv6",
        "key": "",
        "sites": [
            2,
            3,
            1
        ]
    }
},
{
    "model": "star_ratings.rating",
    "pk": 1,
    "fields": {
        "count": 0,
        "total": 0,
        "average": "0.000",
        "content_type": 17,
        "object_id": 1
    }
},
{
    "model": "star_ratings.rating",
    "pk": 2,
    "fields": {
        "count": 0,
        "total": 0,
        "average": "0.000",
        "content_type": 17,
        "object_id": 2
    }
},
{
    "model": "star_ratings.rating",
    "pk": 3,
    "fields": {
        "count": 0,
        "total": 0,
        "average": "0.000",
        "content_type": 17,
        "object_id": 3
    }
},
{
    "model": "star_ratings.rating",
    "pk": 4,
    "fields": {
        "count": 0,
        "total": 0,
        "average": "0.000",
        "content_type": 17,
        "object_id": 4
    }
},
{
    "model": "star_ratings.rating",
    "pk": 5,
    "fields": {
        "count": 0,
        "total": 0,
        "average": "0.000",
        "content_type": 17,
        "object_id": 5
    }
},
{
    "model": "star_ratings.rating",
    "pk": 6,
    "fields": {
        "count": 0,
        "total": 0,
        "average": "0.000",
        "content_type": 17,
        "object_id": 6
    }
},
{
    "model": "star_ratings.rating",
    "pk": 7,
    "fields": {
        "count": 0,
        "total": 0,
        "average": "0.000",
        "content_type": 17,
        "object_id": 7
    }
},
{
    "model": "star_ratings.rating",
    "pk": 8,
    "fields": {
        "count": 0,
        "total": 0,
        "average": "0.000",
        "content_type": 17,
        "object_id": 8
    }
},
{
    "model": "star_ratings.rating",
    "pk": 9,
    "fields": {
        "count": 0,
        "total": 0,
        "average": "0.000",
        "content_type": 17,
        "object_id": 9
    }
},
{
    "model": "library.genre",
    "pk": 1,
    "fields": {
        "name": "Horror"
    }
},
{
    "model": "library.genre",
    "pk": 2,
    "fields": {
        "name": "Mystery"
    }
},
{
    "model": "library.genre",
    "pk": 3,
    "fields": {
        "name": "Romance"
    }
},
{
    "model": "library.genre",
    "pk": 4,
    "fields": {
        "name": "Fantasy"
    }
},
{
    "model": "library.genre",
    "pk": 5,
    "fields": {
        "name": "Crime"
    }
},
{
    "model": "library.genre",
    "pk": 6,
    "fields": {
        "name": "Drama"
    }
},
{
    "model": "library.genre",
    "pk": 7,
    "fields": {
        "name": "Fairytale"
    }
},
{
    "model": "library.genre",
    "pk": 8,
    "fields": {
        "name": "Suspense"
    }
},
{
    "model": "library.publishercompany",
    "pk": 1,
    "fields": {
        "name": "Kindle Direct Publishing (KDP)",
        "country": "USA"
    }
},
{
    "model": "library.publishercompany",
    "pk": 2,
    "fields": {
        "name": "iBooks",
        "country": "Japan"
    }
},
{
    "model": "library.publishercompany",
    "pk": 3,
    "fields": {
        "name": "Draft2Digital",
        "country": "Russia"
    }
},
{
    "model": "library.publishercompany",
    "pk": 4,
    "fields": {
        "name": "Smashwords",
        "country": "Germany"
    }
},
{
    "model": "library.book",
    "pk": 1,
    "fields": {
        "slug": "solaris-1584358281",
        "title": "Solaris",
        "created_at": null,
        "cover": "",
        "year_made": 2019,
        "page_count": 234,
        "publisher_company": 2,
        "genres": [
            5,
            6,
            7
        ]
    }
},
{
    "model": "library.book",
    "pk": 2,
    "fields": {
        "slug": "misery-1584358276",
        "title": "Misery",
        "created_at": null,
        "cover": "",
        "year_made": 1997,
        "page_count": 653,
        "publisher_company": 1,
        "genres": [
            2
        ]
    }
},
{
    "model": "library.book",
    "pk": 3,
    "fields": {
        "slug": "some-title-1584358581",
        "title": "Some title",
        "created_at": null,
        "cover": "",
        "year_made": 1976,
        "page_count": 754,
        "publisher_company": 4,
        "genres": [
            1,
            2,
            3,
            4
        ]
    }
},
{
    "model": "library.book",
    "pk": 4,
    "fields": {
        "slug": "some-title-2-1584358264",
        "title": "Some title 2",
        "created_at": null,
        "cover": "",
        "year_made": 1995,
        "page_count": 423,
        "publisher_company": 2,
        "genres": [
            4
        ]
    }
},
{
    "model": "library.book",
    "pk": 5,
    "fields": {
        "slug": "azaza-1584358257",
        "title": "Azaza",
        "created_at": null,
        "cover": "",
        "year_made": 1985,
        "page_count": 2134,
        "publisher_company": 4,
        "genres": [
            1,
            2,
            3,
            4,
            5,
            6,
            7
        ]
    }
},
{
    "model": "library.book",
    "pk": 6,
    "fields": {
        "slug": "qwqert-1584358251",
        "title": "Qwqert",
        "created_at": null,
        "cover": "",
        "year_made": 1999,
        "page_count": 4332,
        "publisher_company": 3,
        "genres": [
            2,
            3,
            4
        ]
    }
},
{
    "model": "library.book",
    "pk": 7,
    "fields": {
        "slug": "gferww-1584358246",
        "title": "Gferww",
        "created_at": null,
        "cover": "",
        "year_made": 1988,
        "page_count": 754,
        "publisher_company": 3,
        "genres": [
            2,
            4,
            5
        ]
    }
},
{
    "model": "library.book",
    "pk": 8,
    "fields": {
        "slug": "many-1584358308",
        "title": "Many",
        "created_at": null,
        "cover": "",
        "year_made": 1999,
        "page_count": 1234,
        "publisher_company": 3,
        "genres": [
            2,
            3,
            4
        ]
    }
},
{
    "model": "library.book",
    "pk": 9,
    "fields": {
        "slug": "qwe-1584358300",
        "title": "Qwe",
        "created_at": null,
        "cover": "",
        "year_made": 1999,
        "page_count": 1244,
        "publisher_company": 2,
        "genres": [
            2,
            3,
            4,
            5
        ]
    }
},
{
    "model": "library.book",
    "pk": 10,
    "fields": {
        "slug": "title-5555-1582207308",
        "title": "Title 5555",
        "created_at": null,
        "cover": "",
        "year_made": 1987,
        "page_count": 165,
        "publisher_company": 3,
        "genres": [
            5,
            6,
            7
        ]
    }
},
{
    "model": "library.book",
    "pk": 11,
    "fields": {
        "slug": "title-10505555-1584358218",
        "title": "Title 10505555",
        "created_at": null,
        "cover": "",
        "year_made": 1999,
        "page_count": 133,
        "publisher_company": 1,
        "genres": [
            3,
            4,
            5
        ]
    }
},
{
    "model": "library.author",
    "pk": 1,
    "fields": {
        "slug": "richard-bachman-1581934940",
        "name": "Stephen",
        "surname": "King",
        "patronymic": "Edwin",
        "pseudonym": "Richard Bachman",
        "photo": "",
        "birthday": "1942-03-24",
        "deathday": null,
        "country": "USA",
        "biography": "Stephen King was born September 21, 1947, in Portland, Maine. His father, Donald Edwin King, was a merchant seaman. Donald was born under the surname Pollock, but as an adult, used the surname King.[11][12][13] Stephen's mother was Nellie Ruth (n\u00e9e Pillsbury).[13] The two were married on July 23, 1939, in Scarborough, Maine.[14] Shortly afterwards, they lived with Donald's family in Chicago, then moved to Croton-on-Hudson, New York.[15]\r\n\r\nThe Kings returned to Maine towards the end of World War II, living in a modest house in Scarborough. When King was two years old, his father left the family. King's mother raised Stephen and his older brother, David, by herself, sometimes under great financial strain. The family moved from Scarborough, depending on relatives in Chicago; Croton-on-Hudson; West De Pere, Wisconsin; Fort Wayne, Indiana; Malden, Massachusetts; and Stratford, Connecticut.[16][17] When King was 11, his family returned to Durham, Maine, where his mother cared for her parents until their deaths. She then became a caregiver in a local residential facility for the mentally challenged.[1] King was raised Methodist[18] but lost his belief in organized religion while in high school. While no longer religious, King chooses to believe in the existence of God.[19]\r\n\r\nAs a child, King apparently witnessed one of his friends being struck and killed by a train, though he has no memory of the event. His family told him that after leaving home to play with the boy, King returned, speechless and seemingly in shock. Only later did the family learn of the friend's death. Some commentators have suggested that this event may have psychologically inspired some of King's darker works,[20] but King makes no mention of it in his memoir On Writing (2000).\r\n\r\nKing related in detail his primary inspiration for writing horror fiction in his non-fiction Danse Macabre (1981), in a chapter titled \"An Annoying Autobiographical Pause.\" King compares his uncle's dowsing for water using the bough of an apple branch with the sudden realization of what he wanted to do for a living. That inspiration occurred while browsing through an attic with his elder brother, when King uncovered a paperback version of an H. P. Lovecraft collection of short stories he remembers as The Lurker in the Shadows, that had belonged to his father. King told Barnes & Noble Studios during a 2009 interview, \"I knew that I'd found home when I read that book.\"[21]\r\n\r\nKing attended Durham Elementary School and graduated from Lisbon Falls High School, in Lisbon Falls, Maine in 1966.[22] He displayed an early interest in horror as an avid reader of EC's horror comics, including Tales from the Crypt (he later paid tribute to the comics in his screenplay for Creepshow). He began writing for fun while still in school, contributing articles to Dave's Rag, the newspaper his brother published with a mimeograph machine, and later began selling to his friends stories based on movies he had seen (though when discovered by his teachers, he was forced to return the profits). The first of his stories to be independently published was \"I Was a Teenage Grave Robber\"; it was serialized over four issues (three published and one unpublished) of a fanzine, Comics Review, in 1965. That story was published the following year in a revised form as \"In a Half-World of Terror\" in another fanzine, Stories of Suspense, edited by Marv Wolfman.[23] As a teen, King also won a Scholastic Art and Writing Award.[24]\r\n\r\nFrom 1966, King studied at the University of Maine, graduating in 1970 with a Bachelor of Arts in English.[25] That year, his daughter Naomi Rachel was born. He wrote a column, Steve King's Garbage Truck, for the student newspaper, The Maine Campus, and participated in a writing workshop organized by Burton Hatlen.[26] King held a variety of jobs to pay for his studies, including janitor, gas pump attendant, and worker at an industrial laundry. King met his future wife, fellow student Tabitha Spruce, at the University's Fogler Library after one of Professor Hatlen's workshops; they wed in 1971.[26]",
        "genres": [
            1,
            2,
            8
        ]
    }
},
{
    "model": "library.author",
    "pk": 2,
    "fields": {
        "slug": "crusher-1581934936",
        "name": "Vasya",
        "surname": "Petrov",
        "patronymic": "Ivanovich",
        "pseudonym": "Crusher",
        "photo": "",
        "birthday": "2004-02-14",
        "deathday": null,
        "country": "Ukraine",
        "biography": "Lorem ipsum dolor sit amet, consectetur adipiscing elit, sed do eiusmod tempor incididunt ut labore et dolore magna aliqua. Ut enim ad minim veniam, quis nostrud exercitation ullamco laboris nisi ut aliquip ex ea commodo consequat. Duis aute irure dolor in reprehenderit in voluptate velit esse cillum dolore eu fugiat nulla pariatur. Excepteur sint occaecat cupidatat non proident, sunt in culpa qui officia deserunt mollit anim id est laborum.",
        "genres": [
            3,
            6
        ]
    }
},
{
    "model": "library.author",
    "pk": 3,
    "fields": {
        "slug": "stanislav-lem-1581934929",
        "name": "Stanislav",
        "surname": "Lem",
        "patronymic": "",
        "pseudonym": "Stanislav Lem",
        "photo": "",
        "birthday": "1934-02-14",
        "deathday": "2004-09-06",
        "country": "Poland",
        "biography": "Lem was born in 1921 in Lw\u00f3w, interwar Poland (now Lviv, Ukraine) to a family of Jewish origin. According to his own account, he was actually born on the 13th of September, but the date was changed to the 12th on his birth certificate because of superstition.[8] He was the son of Sabina n\u00e9e Woller (1892\u20131979) and Samuel Lem (1879\u20131954), a wealthy laryngologist and former physician in the Austro-Hungarian Army,[9][10] and first cousin to Polish poet Marian Hemar (Lem's father's sister's son).[11] In later years Lem sometimes claimed to have been raised Roman Catholic, but he went to Jewish religious lessons during his school years.[2] He later became an atheist \"for moral reasons ... the world appears to me to be put together in such a painful way that I prefer to believe that it was not created ... intentionally\".[12][13] In later years he would call himself both an agnostic[14] and an atheist.[15]\r\n\r\nAfter the Soviet invasion and occupation of Eastern Poland, he was not allowed to study at Lwow Polytechnic as he wished because of his \"bourgeois origin\", and only due to his father's connections was accepted to study medicine at Lw\u00f3w University in 1940.[16] During the subsequent Nazi occupation (1941\u20131944), Lem's family, which had Jewish roots, avoided imprisonment in a ghetto, surviving with false papers.[10] He would later recall:[10][17]\r\n\r\n    During that period, I learned in a very personal, practical way that I was no \"Aryan\". I knew that my ancestors were Jews, but I knew nothing of the Mosaic faith and, regrettably, nothing at all of Jewish culture. So it was, strictly speaking, only the Nazi legislation that brought home to me the realization that I had Jewish blood in my veins. \r\n\r\nDuring that time, Lem earned a living as a car mechanic and welder,[10] and occasionally stole munitions from storehouses (to which he had access as an employee of a German company) to pass them on to the Polish resistance.[18]\r\n\r\nIn 1945, the Polish Eastern Borderlands were annexed into Soviet Ukraine, and the family, along with many other Poles, was resettled to Krak\u00f3w, where Lem, at his father's insistence, took up medical studies at the Jagiellonian University.[10] He did not take his final examinations on purpose, to avoid the career of military doctor, which he suspected could have become lifelong.[19][16] After receiving absolutorium (Polish term for the evidence of completion of the studies without diploma), he did an obligatory monthly work at a hospital, at a maternity ward, where he assisted at a number of childbirths and a caesarean section. Lem said that the sight of blood was one of the reasons he decided to drop medicine.[20]",
        "genres": [
            4,
            5
        ]
    }
},
{
    "model": "library.author",
    "pk": 4,
    "fields": {
        "slug": "ivan-petrov-1581939403",
        "name": "Ivan",
        "surname": "Petrov",
        "patronymic": "Ivanovich",
        "pseudonym": "Ivan Petrov",
        "photo": "",
        "birthday": "2020-02-17",
        "deathday": null,
        "country": "Ukraine",
        "biography": "biobiobiobiobiobiobiobiobiobiobiobiobiobiobiobiobiobiobiobiobiobiobiobiobiobiobiobiobiobiobiobiobiobiobiobiobiobiobiobiobiobiobiobiobiobiobiobiobiobiobiobiobiobiobiobiobiobiobiobiobiobiobiobiobiobiobiobiobiobiobiobiobiobiobiobiobiobiobiobiobiobiobiobiobiobiobiobiobiobiobiobiobiobiobiobiobiobiobiobiobiobiobiobiobiobiobiobiobiobiobiobiobiobiobiobiobiobiobiobiobiobiobiobiobiobiobiobiobiobiobiobiobiobiobiobio",
        "genres": [
            4
        ]
    }
},
{
    "model": "library.bookauthorspriority",
    "pk": 1,
    "fields": {
        "book": 1,
        "author": 2,
        "priority": 1
    }
},
{
    "model": "library.bookauthorspriority",
    "pk": 2,
    "fields": {
        "book": 1,
        "author": 3,
        "priority": 2
    }
},
{
    "model": "library.bookauthorspriority",
    "pk": 3,
    "fields": {
        "book": 2,
        "author": 1,
        "priority": 1
    }
},
{
    "model": "library.bookauthorspriority",
    "pk": 4,
    "fields": {
        "book": 3,
        "author": 2,
        "priority": 1
    }
},
{
    "model": "library.bookauthorspriority",
    "pk": 5,
    "fields": {
        "book": 3,
        "author": 3,
        "priority": 2
    }
},
{
    "model": "library.bookauthorspriority",
    "pk": 6,
    "fields": {
        "book": 3,
        "author": 4,
        "priority": 3
    }
},
{
    "model": "library.bookauthorspriority",
    "pk": 7,
    "fields": {
        "book": 4,
        "author": 1,
        "priority": 1
    }
},
{
    "model": "library.bookauthorspriority",
    "pk": 8,
    "fields": {
        "book": 4,
        "author": 2,
        "priority": 2
    }
},
{
    "model": "library.bookauthorspriority",
    "pk": 9,
    "fields": {
        "book": 5,
        "author": 1,
        "priority": 1
    }
},
{
    "model": "library.bookauthorspriority",
    "pk": 10,
    "fields": {
        "book": 5,
        "author": 2,
        "priority": 2
    }
},
{
    "model": "library.bookauthorspriority",
    "pk": 11,
    "fields": {
        "book": 6,
        "author": 3,
        "priority": 1
    }
},
{
    "model": "library.bookauthorspriority",
    "pk": 12,
    "fields": {
        "book": 7,
        "author": 3,
        "priority": 1
    }
},
{
    "model": "library.bookauthorspriority",
    "pk": 13,
    "fields": {
        "book": 7,
        "author": 4,
        "priority": 2
    }
},
{
    "model": "library.bookauthorspriority",
    "pk": 14,
    "fields": {
        "book": 8,
        "author": 1,
        "priority": 1
    }
},
{
    "model": "library.bookauthorspriority",
    "pk": 15,
    "fields": {
        "book": 8,
        "author": 3,
        "priority": 2
    }
},
{
    "model": "library.bookauthorspriority",
    "pk": 16,
    "fields": {
        "book": 9,
        "author": 1,
        "priority": 1
    }
},
{
    "model": "library.bookauthorspriority",
    "pk": 17,
    "fields": {
        "book": 9,
        "author": 2,
        "priority": 2
    }
},
{
    "model": "library.bookauthorspriority",
    "pk": 18,
    "fields": {
        "book": 9,
        "author": 3,
        "priority": 3
    }
},
{
    "model": "library.bookauthorspriority",
    "pk": 19,
    "fields": {
        "book": 10,
        "author": 4,
        "priority": 1
    }
},
{
    "model": "library.bookauthorspriority",
    "pk": 20,
    "fields": {
        "book": 11,
        "author": 2,
        "priority": 1
    }
},
{
    "model": "library.bookauthorspriority",
    "pk": 21,
    "fields": {
        "book": 11,
        "author": 3,
        "priority": 2
    }
},
{
    "model": "users.profile",
    "pk": 1,
    "fields": {
        "publisher_company": null,
        "user": 1,
        "type": 3,
        "birthday": null,
        "patronymic": "",
        "get_newsletter": false
    }
},
{
    "model": "comments.comment",
    "pk": 1,
    "fields": {
        "user": 1,
        "text": "hello",
        "created_at": "2020-03-25T09:55:19.997Z",
        "parent": null,
        "content_type": 17,
        "object_id": 1,
        "lft": 1,
        "rght": 6,
        "tree_id": 1,
        "level": 0
    }
},
{
    "model": "comments.comment",
    "pk": 2,
    "fields": {
        "user": 1,
        "text": "hi",
        "created_at": "2020-03-25T09:55:24.881Z",
        "parent": 1,
        "content_type": 17,
        "object_id": 1,
        "lft": 2,
        "rght": 5,
        "tree_id": 1,
        "level": 1
    }
},
{
    "model": "comments.comment",
    "pk": 3,
    "fields": {
        "user": 1,
        "text": "cool",
        "created_at": "2020-03-25T09:55:28.373Z",
        "parent": 2,
        "content_type": 17,
        "object_id": 1,
        "lft": 3,
        "rght": 4,
        "tree_id": 1,
        "level": 2
    }
},
{
    "model": "comments.comment",
    "pk": 4,
    "fields": {
        "user": 1,
        "text": "Great",
        "created_at": "2020-03-25T09:55:32.909Z",
        "parent": null,
        "content_type": 17,
        "object_id": 1,
        "lft": 1,
        "rght": 2,
        "tree_id": 2,
        "level": 0
    }
}
]
